IrdiTemplate;IrdiCC;IrdiPR;IrdiVA
0173-1#Z3-ABX131#001;0173-1#01-ACL455#006;0173-1#02-AAO192#001;0173-1#07-AAS954#001
0173-1#Z3-ABX131#001;0173-1#01-ACL455#006;0173-1#02-AAO192#001;0173-1#07-AAS955#001
0173-1#Z3-ABX131#001;0173-1#01-ACL455#006;0173-1#02-AAO192#001;0173-1#07-AAS956#001
0173-1#Z3-ABX131#001;0173-1#01-ACL455#006;0173-1#02-AAO192#001;0173-1#07-AAS957#001
0173-1#Z3-ABX131#001;0173-1#01-ACL455#006;0173-1#02-AAO192#001;0173-1#07-AAS958#001
0173-1#Z3-ABX131#001;0173-1#01-ACL455#006;0173-1#02-AAO192#001;0173-1#07-AAS959#001
0173-1#Z3-ABX131#001;0173-1#01-ACL455#006;0173-1#02-AAO192#001;0173-1#07-AAS960#001
0173-1#Z3-ABX131#001;0173-1#01-ACL455#006;0173-1#02-AAO192#001;0173-1#07-AAS961#001
0173-1#Z3-ABX131#001;0173-1#01-ACL455#006;0173-1#02-AAO192#001;0173-1#07-AAS962#001
0173-1#Z3-ABX131#001;0173-1#01-ACL455#006;0173-1#02-AAO193#001;0173-1#07-AAS943#001
0173-1#Z3-ABX131#001;0173-1#01-ACL455#006;0173-1#02-AAO193#001;0173-1#07-AAS944#001
0173-1#Z3-ABX131#001;0173-1#01-ACL455#006;0173-1#02-AAO193#001;0173-1#07-AAS945#001
0173-1#Z3-ABX131#001;0173-1#01-ACL455#006;0173-1#02-AAO193#001;0173-1#07-AAS946#001
0173-1#Z3-ABX131#001;0173-1#01-ACL455#006;0173-1#02-AAO223#001;0173-1#07-AAS947#001
0173-1#Z3-ABX131#001;0173-1#01-ACL455#006;0173-1#02-AAO223#001;0173-1#07-AAS948#001
0173-1#Z3-ABX131#001;0173-1#01-ACL455#006;0173-1#02-AAO223#001;0173-1#07-AAS949#001
0173-1#Z3-ABX131#001;0173-1#01-ACL455#006;0173-1#02-AAO223#001;0173-1#07-AAS950#001
0173-1#Z3-ABX131#001;0173-1#01-ACL455#006;0173-1#02-AAO223#001;0173-1#07-AAS951#001
0173-1#Z3-ABX131#001;0173-1#01-ACL455#006;0173-1#02-AAO223#001;0173-1#07-AAS952#001
0173-1#Z3-ABX131#001;0173-1#01-ACL455#006;0173-1#02-AAO223#001;0173-1#07-AAS953#001
0173-1#Z3-ABK242#001;0173-1#01-AEI956#001;0173-1#02-AAR533#001;0173-1#07-AAU844#001
0173-1#Z3-ABK242#001;0173-1#01-AEI956#001;0173-1#02-AAR533#001;0173-1#07-AAU845#001
0173-1#Z3-ABK242#001;0173-1#01-AEI956#001;0173-1#02-AAR533#001;0173-1#07-AAU846#001
0173-1#Z3-ABK242#001;0173-1#01-AEI956#001;0173-1#02-AAR533#001;0173-1#07-AAU847#001
0173-1#Z3-ABK242#001;0173-1#01-AEI956#001;0173-1#02-AAR533#001;0173-1#07-AAU848#001
0173-1#Z3-ABK242#001;0173-1#01-AEI956#001;0173-1#02-AAR533#001;0173-1#07-AAU849#001
0173-1#Z3-ABK242#001;0173-1#01-AEI956#001;0173-1#02-AAR540#001;0173-1#07-AAU858#001
0173-1#Z3-ABK242#001;0173-1#01-AEI956#001;0173-1#02-AAR540#001;0173-1#07-AAU859#001
0173-1#Z3-ABK242#001;0173-1#01-AEI956#001;0173-1#02-AAR540#001;0173-1#07-AAU860#001
0173-1#Z3-ABK242#001;0173-1#01-AEI956#001;0173-1#02-AAR540#001;0173-1#07-AAU861#001
0173-1#Z3-ABK242#001;0173-1#01-AEI956#001;0173-1#02-AAR540#001;0173-1#07-AAU862#001
0173-1#Z3-ABK242#001;0173-1#01-AEI956#001;0173-1#02-AAR540#001;0173-1#07-AAU863#001
0173-1#Z3-ABK242#001;0173-1#01-AEI956#001;0173-1#02-AAR411#001;0173-1#07-BAB360#001
0173-1#Z3-ABK242#001;0173-1#01-AEI956#001;0173-1#02-AAR411#001;0173-1#07-AAQ288#001
0173-1#Z3-ABK242#001;0173-1#01-AEI956#001;0173-1#02-AAR546#001;0173-1#07-AAU858#001
0173-1#Z3-ABK242#001;0173-1#01-AEI956#001;0173-1#02-AAR546#001;0173-1#07-AAU859#001
0173-1#Z3-ABK242#001;0173-1#01-AEI956#001;0173-1#02-AAR546#001;0173-1#07-AAU860#001
0173-1#Z3-ABK242#001;0173-1#01-AEI956#001;0173-1#02-AAR546#001;0173-1#07-AAU861#001
0173-1#Z3-ABK242#001;0173-1#01-AEI956#001;0173-1#02-AAR546#001;0173-1#07-AAU862#001
0173-1#Z3-ABK242#001;0173-1#01-AEI956#001;0173-1#02-AAR546#001;0173-1#07-AAU863#001
0173-1#Z3-ABK242#001;0173-1#01-AEI956#001;0173-1#02-AAR549#001;0173-1#07-AAP274#001
0173-1#Z3-ABK242#001;0173-1#01-AEI956#001;0173-1#02-AAR549#001;0173-1#07-AAU840#001
0173-1#Z3-ABK242#001;0173-1#01-AEI956#001;0173-1#02-AAR549#001;0173-1#07-AAU841#001
0173-1#Z3-ABK242#001;0173-1#01-AEI956#001;0173-1#02-AAR549#001;0173-1#07-AAU842#001
0173-1#Z3-ABK242#001;0173-1#01-AEI956#001;0173-1#02-AAR549#001;0173-1#07-AAU843#001
0173-1#Z3-ABK242#001;0173-1#01-AEI956#001;0173-1#02-AAR550#001;0173-1#07-AAU465#001
0173-1#Z3-ABK242#001;0173-1#01-AEI956#001;0173-1#02-AAR550#001;0173-1#07-AAU466#001
0173-1#Z3-ABK242#001;0173-1#01-AEI956#001;0173-1#02-AAR551#001;0173-1#07-AAC167#001
0173-1#Z3-ABK242#001;0173-1#01-AEI956#001;0173-1#02-AAR551#001;0173-1#07-AAC218#001
0173-1#Z3-ABK242#001;0173-1#01-AEI956#001;0173-1#02-AAR551#001;0173-1#07-AAC228#001
0173-1#Z3-ABK242#001;0173-1#01-AEI956#001;0173-1#02-AAR551#001;0173-1#07-AAC234#001
0173-1#Z3-ABK242#001;0173-1#01-AEI956#001;0173-1#02-AAR551#001;0173-1#07-AAC254#001
0173-1#Z3-ABK242#001;0173-1#01-AEI956#001;0173-1#02-AAR551#001;0173-1#07-AAC266#001
0173-1#Z3-ABK242#001;0173-1#01-AEI956#001;0173-1#02-AAR551#001;0173-1#07-AAC994#001
0173-1#Z3-ABK242#001;0173-1#01-AEI956#001;0173-1#02-AAR551#001;0173-1#07-AAD084#001
0173-1#Z3-ABK242#001;0173-1#01-AEI956#001;0173-1#02-AAR551#001;0173-1#07-AAU833#001
0173-1#Z3-ABK242#001;0173-1#01-AEI956#001;0173-1#02-AAR551#001;0173-1#07-AAU834#001
0173-1#Z3-ABK242#001;0173-1#01-AEI956#001;0173-1#02-AAR551#001;0173-1#07-AAU835#001
0173-1#Z3-ABK242#001;0173-1#01-AEI956#001;0173-1#02-AAR551#001;0173-1#07-AAU836#001
0173-1#Z3-ABK242#001;0173-1#01-AEI956#001;0173-1#02-AAR551#001;0173-1#07-AAU837#001
0173-1#Z3-ABK242#001;0173-1#01-AEI956#001;0173-1#02-AAR551#001;0173-1#07-AAU839#001
0173-1#Z3-ABK242#001;0173-1#01-AEI956#001;0173-1#02-AAR582#001;0173-1#07-AAP466#001
0173-1#Z3-ABK242#001;0173-1#01-AEI956#001;0173-1#02-AAR582#001;0173-1#07-AAP506#001
0173-1#Z3-ABK242#001;0173-1#01-AEI956#001;0173-1#02-AAR582#001;0173-1#07-AAU855#001
0173-1#Z3-ABK242#001;0173-1#01-AEI956#001;0173-1#02-AAR582#001;0173-1#07-AAU856#001
0173-1#Z3-ABK242#001;0173-1#01-AEI956#001;0173-1#02-AAR582#001;0173-1#07-AAU857#001
0173-1#Z3-ABK242#001;0173-1#01-AEI956#001;0173-1#02-AAR552#001;0173-1#07-BAA725#001
0173-1#Z3-ABK242#001;0173-1#01-AEI956#001;0173-1#02-AAR552#001;0173-1#07-AAU850#001
0173-1#Z3-ABK242#001;0173-1#01-AEI956#001;0173-1#02-AAR579#001;0173-1#07-AAC097#001
0173-1#Z3-ABK242#001;0173-1#01-AEI956#001;0173-1#02-AAR579#001;0173-1#07-AAC135#001
0173-1#Z3-ABK242#001;0173-1#01-AEI956#001;0173-1#02-AAR579#001;0173-1#07-AAC136#001
0173-1#Z3-ABK242#001;0173-1#01-AEI956#001;0173-1#02-AAR566#001;0173-1#07-AAB851#001
0173-1#Z3-ABK242#001;0173-1#01-AEI956#001;0173-1#02-AAR566#001;0173-1#07-AAB852#001
0173-1#Z3-ABK242#001;0173-1#01-AEI956#001;0173-1#02-AAR566#001;0173-1#07-AAB853#001
0173-1#Z3-ABK242#001;0173-1#01-AEI956#001;0173-1#02-AAR566#001;0173-1#07-AAB854#001
0173-1#Z3-ABK242#001;0173-1#01-AEI956#001;0173-1#02-AAR566#001;0173-1#07-AAB855#001
0173-1#Z3-ABK242#001;0173-1#01-AEI956#001;0173-1#02-AAR566#001;0173-1#07-AAB856#001
0173-1#Z3-ABK242#001;0173-1#01-AEI956#001;0173-1#02-AAR566#001;0173-1#07-AAU851#001
0173-1#Z3-ABK242#001;0173-1#01-AEI956#001;0173-1#02-AAR566#001;0173-1#07-AAU852#001
0173-1#Z3-ABK242#001;0173-1#01-AEI956#001;0173-1#02-AAR566#001;0173-1#07-AAU853#001
0173-1#Z3-ABK242#001;0173-1#01-AEI956#001;0173-1#02-AAR566#001;0173-1#07-AAU854#001
0173-1#Z3-ABK242#001;0173-1#01-AEI956#001;0173-1#02-AAR571#001;0173-1#07-AAD696#001
0173-1#Z3-ABK242#001;0173-1#01-AEI956#001;0173-1#02-AAR571#001;0173-1#07-AAF489#001
0173-1#Z3-ABK242#001;0173-1#01-AEI956#001;0173-1#02-AAR571#001;0173-1#07-AAP784#001
0173-1#Z3-ABK242#001;0173-1#01-AEI956#001;0173-1#02-AAR571#001;0173-1#07-AAU831#001
0173-1#Z3-ABK242#001;0173-1#01-AEI956#001;0173-1#02-AAR571#001;0173-1#07-AAU832#001
0173-1#Z3-ABK242#001;0173-1#01-AEI956#001;0173-1#02-AAR572#001;0173-1#07-AAU816#001
0173-1#Z3-ABK242#001;0173-1#01-AEI956#001;0173-1#02-AAR572#001;0173-1#07-AAU817#001
0173-1#Z3-ABK242#001;0173-1#01-AEI956#001;0173-1#02-AAR572#001;0173-1#07-AAU818#001
0173-1#Z3-ABK242#001;0173-1#01-AEI956#001;0173-1#02-AAR572#001;0173-1#07-AAU820#001
0173-1#Z3-ABK242#001;0173-1#01-AEI956#001;0173-1#02-AAR572#001;0173-1#07-AAU821#001
0173-1#Z3-ABK242#001;0173-1#01-AEI956#001;0173-1#02-AAR572#001;0173-1#07-AAU822#001
0173-1#Z3-ABK242#001;0173-1#01-AEI956#001;0173-1#02-AAR572#001;0173-1#07-AAU823#001
0173-1#Z3-ABK242#001;0173-1#01-AEI956#001;0173-1#02-AAR572#001;0173-1#07-AAU824#001
0173-1#Z3-ABK242#001;0173-1#01-AEI956#001;0173-1#02-AAR572#001;0173-1#07-AAU825#001
0173-1#Z3-ABK242#001;0173-1#01-AEI956#001;0173-1#02-AAR572#001;0173-1#07-AAU826#001
0173-1#Z3-ABK242#001;0173-1#01-AEI956#001;0173-1#02-AAR572#001;0173-1#07-AAU829#001
0173-1#Z3-ABK242#001;0173-1#01-AEI956#001;0173-1#02-AAR573#001;0173-1#07-AAU816#001
0173-1#Z3-ABK242#001;0173-1#01-AEI956#001;0173-1#02-AAR573#001;0173-1#07-AAU819#001
0173-1#Z3-ABK242#001;0173-1#01-AEI956#001;0173-1#02-AAR573#001;0173-1#07-AAU822#001
0173-1#Z3-ABK242#001;0173-1#01-AEI956#001;0173-1#02-AAR573#001;0173-1#07-AAU825#001
0173-1#Z3-ABK242#001;0173-1#01-AEI956#001;0173-1#02-AAR573#001;0173-1#07-AAU826#001
0173-1#Z3-ABK242#001;0173-1#01-AEI956#001;0173-1#02-AAR573#001;0173-1#07-AAU827#001
0173-1#Z3-ABK242#001;0173-1#01-AEI956#001;0173-1#02-AAR573#001;0173-1#07-AAU828#001
0173-1#Z3-ABK242#001;0173-1#01-AEI956#001;0173-1#02-AAR573#001;0173-1#07-AAU829#001
0173-1#Z3-ABK242#001;0173-1#01-AEI956#001;0173-1#02-AAR573#001;0173-1#07-AAU830#001
0173-1#Z3-ABQ345#001;0173-1#01-ACL457#006;0173-1#02-BAF502#004;0173-1#07-BAA829#001
0173-1#Z3-ABQ345#001;0173-1#01-ACL457#006;0173-1#02-BAF502#004;0173-1#07-BAA233#001
0173-1#Z3-ABQ345#001;0173-1#01-ACL457#006;0173-1#02-BAF502#004;0173-1#07-BAB405#001
0173-1#Z3-ABQ345#001;0173-1#01-ACL457#006;0173-1#02-AAO192#001;0173-1#07-AAS954#001
0173-1#Z3-ABQ345#001;0173-1#01-ACL457#006;0173-1#02-AAO192#001;0173-1#07-AAS955#001
0173-1#Z3-ABQ345#001;0173-1#01-ACL457#006;0173-1#02-AAO192#001;0173-1#07-AAS956#001
0173-1#Z3-ABQ345#001;0173-1#01-ACL457#006;0173-1#02-AAO192#001;0173-1#07-AAS957#001
0173-1#Z3-ABQ345#001;0173-1#01-ACL457#006;0173-1#02-AAO192#001;0173-1#07-AAS958#001
0173-1#Z3-ABQ345#001;0173-1#01-ACL457#006;0173-1#02-AAO192#001;0173-1#07-AAS959#001
0173-1#Z3-ABQ345#001;0173-1#01-ACL457#006;0173-1#02-AAO192#001;0173-1#07-AAS960#001
0173-1#Z3-ABQ345#001;0173-1#01-ACL457#006;0173-1#02-AAO192#001;0173-1#07-AAS961#001
0173-1#Z3-ABQ345#001;0173-1#01-ACL457#006;0173-1#02-AAO192#001;0173-1#07-AAS962#001
0173-1#Z3-ABQ345#001;0173-1#01-ACL457#006;0173-1#02-AAO193#001;0173-1#07-AAS943#001
0173-1#Z3-ABQ345#001;0173-1#01-ACL457#006;0173-1#02-AAO193#001;0173-1#07-AAS944#001
0173-1#Z3-ABQ345#001;0173-1#01-ACL457#006;0173-1#02-AAO193#001;0173-1#07-AAS945#001
0173-1#Z3-ABQ345#001;0173-1#01-ACL457#006;0173-1#02-AAO193#001;0173-1#07-AAS946#001
0173-1#Z3-ABQ345#001;0173-1#01-ACL457#006;0173-1#02-AAO223#001;0173-1#07-AAS947#001
0173-1#Z3-ABQ345#001;0173-1#01-ACL457#006;0173-1#02-AAO223#001;0173-1#07-AAS948#001
0173-1#Z3-ABQ345#001;0173-1#01-ACL457#006;0173-1#02-AAO223#001;0173-1#07-AAS949#001
0173-1#Z3-ABQ345#001;0173-1#01-ACL457#006;0173-1#02-AAO223#001;0173-1#07-AAS950#001
0173-1#Z3-ABQ345#001;0173-1#01-ACL457#006;0173-1#02-AAO223#001;0173-1#07-AAS951#001
0173-1#Z3-ABQ345#001;0173-1#01-ACL457#006;0173-1#02-AAO223#001;0173-1#07-AAS952#001
0173-1#Z3-ABQ345#001;0173-1#01-ACL457#006;0173-1#02-AAO223#001;0173-1#07-AAS953#001
