IrdiPR;IrdiVA
0173-1#02-AAB607#004;0173-1#07-CAA016#001
0173-1#02-AAB607#004;0173-1#07-CAA017#001
0173-1#02-AAF507#001;0173-1#07-CAA017#001
0173-1#02-AAF507#001;0173-1#07-CAA016#001
0173-1#02-AAF508#001;0173-1#07-CAA016#001
0173-1#02-AAF508#001;0173-1#07-CAA017#001
0173-1#02-AAO191#001;0173-1#07-CAA016#001
0173-1#02-AAO191#001;0173-1#07-CAA017#001
0173-1#02-AAR528#001;0173-1#07-CAA016#001
0173-1#02-AAR528#001;0173-1#07-CAA017#001
0173-1#02-AAR555#001;0173-1#07-CAA016#001
0173-1#02-AAR555#001;0173-1#07-CAA017#001
0173-1#02-AAR562#001;0173-1#07-CAA016#001
0173-1#02-AAR562#001;0173-1#07-CAA017#001
0173-1#02-AAR564#001;0173-1#07-CAA016#001
0173-1#02-AAR564#001;0173-1#07-CAA017#001
0173-1#02-AAR565#001;0173-1#07-CAA016#001
0173-1#02-AAR565#001;0173-1#07-CAA017#001
0173-1#02-AAR567#001;0173-1#07-CAA016#001
0173-1#02-AAR567#001;0173-1#07-CAA017#001
0173-1#02-AAR568#001;0173-1#07-CAA016#001
0173-1#02-AAR568#001;0173-1#07-CAA017#001
0173-1#02-AAR574#001;0173-1#07-CAA016#001
0173-1#02-AAR574#001;0173-1#07-CAA017#001
0173-1#02-AAR576#001;0173-1#07-CAA017#001
0173-1#02-AAR576#001;0173-1#07-CAA016#001
0173-1#02-AAR581#001;0173-1#07-CAA016#001
0173-1#02-AAR581#001;0173-1#07-CAA017#001
0173-1#02-BAD335#005;0173-1#07-CAA016#001
0173-1#02-BAD335#005;0173-1#07-CAA017#001
0173-1#02-BAE604#005;0173-1#07-CAA016#001
0173-1#02-BAE604#005;0173-1#07-CAA017#001
0173-1#02-BAE862#005;0173-1#07-CAA016#001
0173-1#02-BAE862#005;0173-1#07-CAA017#001
0173-1#02-BAE864#005;0173-1#07-CAA016#001
0173-1#02-BAE864#005;0173-1#07-CAA017#001
0173-1#02-BAF046#006;0173-1#07-CAA017#001
0173-1#02-BAF046#006;0173-1#07-CAA016#001
0173-1#02-BAF239#005;0173-1#07-CAA017#001
0173-1#02-BAF239#005;0173-1#07-CAA016#001
0173-1#02-BAF340#005;0173-1#07-CAA016#001
0173-1#02-BAF340#005;0173-1#07-CAA017#001
0173-1#02-BAF707#005;0173-1#07-CAA016#001
0173-1#02-BAF707#005;0173-1#07-CAA017#001
0173-1#02-BAF734#005;0173-1#07-CAA016#001
0173-1#02-BAF734#005;0173-1#07-CAA017#001
0173-1#02-BAF752#005;0173-1#07-CAA016#001
0173-1#02-BAF752#005;0173-1#07-CAA017#001
0173-1#02-BAG017#005;0173-1#07-CAA016#001
0173-1#02-BAG017#005;0173-1#07-CAA017#001
0173-1#02-BAG053#005;0173-1#07-CAA016#001
0173-1#02-BAG053#005;0173-1#07-CAA017#001
0173-1#02-BAG249#005;0173-1#07-CAA016#001
0173-1#02-BAG249#005;0173-1#07-CAA017#001
